stateabb,ccode,statenme,stdate1,enddate1,stdate2,enddate2,cow_stdate1,cow_enddate1,cow_stdate2,cow_enddate2,gw_startdate,gw_enddate,polity_sdate,polity_edate,gwf_entrydate,gwf_exitdate,Note
USA,2,United States of America,12/31/1799,2024-12-31 00:00:00,,,12/31/1815,2024-12-31 00:00:00,,,12/31/1815,2023-01-01 00:00:00,12/31/1799,2018-12-31 00:00:00,12/31/1871,2023-09-01 00:00:00,
,4,HAWAIIAN,,,,,,,,,,,,,,,Alternative name for Hawaii
,7,TEXAS,,,,,,,,,,,,,,,
,10,DENMARK (GREENLAND),,,,,,,,,,,,,,,
CAN,20,Canada,6/30/1867,2024-12-31 00:00:00,,,1920-01-10 00:00:00,2024-12-31 00:00:00,,,6/30/1867,2023-01-01 00:00:00,6/30/1867,2018-12-31 00:00:00,1922-01-01 00:00:00,2023-09-01 00:00:00,
,30,UNITED KINGDOM (BERMUDA),,,,,,,,,,,,,,,
BHM,31,Bahamas,1973-06-30 00:00:00,2024-12-31 00:00:00,,,1973-07-10 00:00:00,2024-12-31 00:00:00,,,1973-07-10 00:00:00,2023-01-01 00:00:00,,,1973-06-30 00:00:00,2023-09-01 00:00:00,
CUB,40,Cuba,1902-05-20 00:00:00,1906-09-25 00:00:00,1909-01-23 00:00:00,2024-12-31 00:00:00,1902-05-20 00:00:00,1906-09-25 00:00:00,1909-01-23 00:00:00,2024-12-31 00:00:00,1902-05-20 00:00:00,2023-01-01 00:00:00,1902-05-20 00:00:00,2018-12-31 00:00:00,1945-01-01 00:00:00,2023-09-01 00:00:00,
HAI,41,Haiti,12/31/1815,1915-07-28 00:00:00,1934-08-15 00:00:00,2024-12-31 00:00:00,12/31/1858,1915-07-28 00:00:00,1934-08-15 00:00:00,2024-12-31 00:00:00,12/31/1815,1915-07-04 00:00:00,6/30/1820,2018-12-31 00:00:00,1941-06-05 00:00:00,2023-09-01 00:00:00,
DOM,42,Dominican Republic,2/26/1844,1916-11-29 00:00:00,1924-09-29 00:00:00,2024-12-31 00:00:00,12/31/1893,1916-11-29 00:00:00,1924-09-29 00:00:00,2024-12-31 00:00:00,2/26/1844,2023-01-01 00:00:00,2/26/1844,2018-12-31 00:00:00,1930-02-23 00:00:00,2023-09-01 00:00:00,
,50,UNITED KINGDOM (TURKS AND CAICOS ISLANDS),,,,,,,,,,,,,,,
JAM,51,Jamaica,1962-07-06 00:00:00,2024-12-31 00:00:00,,,1962-08-06 00:00:00,2024-12-31 00:00:00,,,1962-08-06 00:00:00,2023-01-01 00:00:00,1959-07-04 00:00:00,2018-12-31 00:00:00,1962-07-06 00:00:00,2023-09-01 00:00:00,
TRI,52,Trinidad and Tobago,1962-07-31 00:00:00,2024-12-31 00:00:00,,,1962-08-31 00:00:00,2024-12-31 00:00:00,,,1962-08-31 00:00:00,2023-01-01 00:00:00,1962-08-31 00:00:00,2018-12-31 00:00:00,1962-07-31 00:00:00,2023-09-01 00:00:00,
BAR,53,Barbados,1966-10-30 00:00:00,2024-12-31 00:00:00,,,1966-11-30 00:00:00,2024-12-31 00:00:00,,,1966-11-30 00:00:00,2023-01-01 00:00:00,,,1966-10-30 00:00:00,2023-09-01 00:00:00,
DMA,54,Dominica,1978-10-03 00:00:00,2024-12-31 00:00:00,,,1978-11-03 00:00:00,2024-12-31 00:00:00,,,,,,,1978-10-03 00:00:00,2023-09-01 00:00:00,
GRN,55,Grenada,1974-02-07 00:00:00,2024-12-31 00:00:00,,,1974-02-07 00:00:00,2024-12-31 00:00:00,,,,,,,1974-02-07 00:00:00,2023-09-01 00:00:00,
SLU,56,St. Lucia,1979-01-22 00:00:00,2024-12-31 00:00:00,,,1979-02-22 00:00:00,2024-12-31 00:00:00,,,,,,,1979-01-22 00:00:00,2023-09-01 00:00:00,
,56,SAINT LUCIA,,,,,,,,,,,,,,,
SVG,57,St. Vincent and the Grenadines,1979-09-27 00:00:00,2024-12-31 00:00:00,,,1979-10-27 00:00:00,2024-12-31 00:00:00,,,,,,,1979-09-27 00:00:00,2023-09-01 00:00:00,
,57,SAINT VINCENT AND THE GRENADINES,,,,,,,,,,,,,,,
AAB,58,Antigua and Barbuda,1981-10-01 00:00:00,2024-12-31 00:00:00,,,1981-11-01 00:00:00,2024-12-31 00:00:00,,,,,,,1981-10-01 00:00:00,2023-09-01 00:00:00,
,59,UNITED KINGDOM (MONTSERRAT),,,,,,,,,,,,,,,
SKN,60,St. Kitts and Nevis,1983-08-19 00:00:00,2024-12-31 00:00:00,,,1983-09-19 00:00:00,2024-12-31 00:00:00,,,,,,,1983-08-19 00:00:00,2023-09-01 00:00:00,
,60,SAINT KITTS AND NEVIS,,,,,,,,,,,,,,,
,61,UNITED KINGDOM (ANGUILLA),,,,,,,,,,,,,,,
,62,UNITED KINGDOM (BRITISH VIRGIN ISLANDS),,,,,,,,,,,,,,,
,63,UNITED KINGDOM (CAYMAN ISLANDS),,,,,,,,,,,,,,,
,64,UNITED KINGDOM (LEEWARD ISLANDS),,,,,,,,,,,,,,,
,65,FRANCE (GUADELOUPE),,,,,,,,,,,,,,,
,66,FRANCE (MARTINIQUE),,,,,,,,,,,,,,,
MEX,70,Mexico,6/30/1821,2024-12-31 00:00:00,,,12/31/1830,2024-12-31 00:00:00,,,6/30/1821,2023-01-01 00:00:00,5/18/1822,2018-12-31 00:00:00,1915-08-02 00:00:00,2023-09-01 00:00:00,
BLZ,80,Belize,1981-08-01 00:00:00,2024-12-31 00:00:00,,,1981-09-21 00:00:00,2024-12-31 00:00:00,,,1981-09-21 00:00:00,2023-01-01 00:00:00,,,1981-08-01 00:00:00,2023-09-01 00:00:00,
,89,CENTRAL AMERICAN FEDERATION,,,,,,,,,,,,,,,
GUA,90,Guatemala,12/31/1839,2024-12-31 00:00:00,,,12/31/1867,2024-12-31 00:00:00,,,12/31/1839,2023-01-01 00:00:00,4/29/1839,2018-12-31 00:00:00,1945-01-01 00:00:00,2023-09-01 00:00:00,
HON,91,Honduras,12/31/1839,2024-12-31 00:00:00,,,12/31/1898,2024-12-31 00:00:00,,,12/31/1839,2023-01-01 00:00:00,1/9/1839,2018-12-31 00:00:00,1933-11-26 00:00:00,2023-09-01 00:00:00,
SAL,92,El Salvador,12/31/1839,2024-12-31 00:00:00,,,12/31/1874,2024-12-31 00:00:00,,,12/31/1839,2023-01-01 00:00:00,2/15/1841,2018-12-31 00:00:00,1931-12-02 00:00:00,2023-09-01 00:00:00,
NIC,93,Nicaragua,12/31/1839,2024-12-31 00:00:00,,,1899-12-31 00:00:00,2024-12-31 00:00:00,,,12/31/1839,2023-01-01 00:00:00,4/29/1838,2018-12-31 00:00:00,1936-06-02 00:00:00,2023-09-01 00:00:00,
COS,94,Costa Rica,12/31/1839,2024-12-31 00:00:00,,,1920-01-01 00:00:00,2024-12-31 00:00:00,,,12/31/1839,2023-01-01 00:00:00,5/27/1838,2018-12-31 00:00:00,1920-01-01 00:00:00,2023-09-01 00:00:00,
PAN,95,Panama,1903-11-03 00:00:00,2024-12-31 00:00:00,,,1903-11-03 00:00:00,2024-12-31 00:00:00,,,1903-11-03 00:00:00,2023-01-01 00:00:00,1903-11-03 00:00:00,2018-12-31 00:00:00,1946-01-01 00:00:00,2023-09-01 00:00:00,
COL,100,Colombia,9/22/1830,2024-12-31 00:00:00,,,12/31/1830,2024-12-31 00:00:00,,,9/22/1830,2023-01-01 00:00:00,2/28/1832,2018-12-31 00:00:00,1935-01-01 00:00:00,2023-09-01 00:00:00,
VEN,101,Venezuela,12/31/1828,2024-12-31 00:00:00,,,12/31/1840,2024-12-31 00:00:00,,,12/31/1828,2023-01-01 00:00:00,9/21/1830,2018-12-31 00:00:00,1946-01-01 00:00:00,2023-09-01 00:00:00,
GUY,110,Guyana,1966-05-26 00:00:00,2024-12-31 00:00:00,,,1966-05-26 00:00:00,2024-12-31 00:00:00,,,1966-05-26 00:00:00,2023-01-01 00:00:00,1966-05-26 00:00:00,2018-12-31 00:00:00,1966-05-26 00:00:00,2023-09-01 00:00:00,
SUR,115,Suriname,1975-10-25 00:00:00,2024-12-31 00:00:00,,,1975-11-25 00:00:00,2024-12-31 00:00:00,,,1975-11-25 00:00:00,2023-01-01 00:00:00,1975-11-25 00:00:00,2018-12-31 00:00:00,1975-10-25 00:00:00,2023-09-01 00:00:00,
,120,FRANCE (FRENCH GUIANA),,,,,,,,,,,,,,,
ECU,130,Ecuador,5/12/1830,2024-12-31 00:00:00,,,12/31/1853,2024-12-31 00:00:00,,,5/12/1830,2023-01-01 00:00:00,5/12/1830,2018-12-31 00:00:00,1944-05-31 00:00:00,2023-09-01 00:00:00,
PER,135,Peru,12/8/1824,2024-12-31 00:00:00,,,12/31/1838,2024-12-31 00:00:00,,,12/8/1824,2023-01-01 00:00:00,7/27/1821,2018-12-31 00:00:00,1946-01-01 00:00:00,2023-09-01 00:00:00,
,136,PERU-BOLIVIAN CONFEDERATION,,,,,,,,,,,,,,,
BRA,140,Brazil,9/6/1822,2024-12-31 00:00:00,,,9/6/1822,2024-12-31 00:00:00,,,9/6/1822,2023-01-01 00:00:00,3/24/1824,2018-12-31 00:00:00,1946-01-01 00:00:00,2023-09-01 00:00:00,
BOL,145,Bolivia,8/5/1825,2024-12-31 00:00:00,,,12/31/1847,2024-12-31 00:00:00,,,8/5/1825,2023-01-01 00:00:00,8/5/1825,2018-12-31 00:00:00,1943-12-20 00:00:00,2023-09-01 00:00:00,
PAR,150,Paraguay,5/13/1811,6/19/1870,6/21/1876,2024-12-31 00:00:00,12/31/1845,6/19/1870,6/21/1876,2024-12-31 00:00:00,12/31/1815,2023-01-01 00:00:00,5/13/1811,2018-12-31 00:00:00,1939-04-30 00:00:00,2023-09-01 00:00:00,
CHL,155,Chile,3/31/1818,2024-12-31 00:00:00,,,12/31/1838,2024-12-31 00:00:00,,,3/31/1818,2023-01-01 00:00:00,2/11/1816,2018-12-31 00:00:00,1933-01-01 00:00:00,2023-09-01 00:00:00,
ARG,160,Argentina,7/8/1816,2024-12-31 00:00:00,,,12/31/1840,2024-12-31 00:00:00,,,7/8/1816,2023-01-01 00:00:00,1/22/1825,2018-12-31 00:00:00,1943-06-04 00:00:00,2023-09-01 00:00:00,
URU,165,Uruguay,5/25/1830,2024-12-31 00:00:00,,,12/31/1881,2024-12-31 00:00:00,,,5/25/1830,2023-01-01 00:00:00,5/25/1830,2018-12-31 00:00:00,1943-01-01 00:00:00,2023-09-01 00:00:00,
UKG,200,United Kingdom,12/31/1799,2024-12-31 00:00:00,,,12/31/1815,2024-12-31 00:00:00,,,12/31/1815,2023-01-01 00:00:00,12/31/1799,2018-12-31 00:00:00,1912-01-01 00:00:00,2023-09-01 00:00:00,
,201,UNITED KINGDOM (ISLE OF MAN),,,,,,,,,,,,,,,
,202,UNITED KINGDOM (GUERNSEY),,,,,,,,,,,,,,,
,203,UNITED KINGDOM (JERSEY),,,,,,,,,,,,,,,
IRE,205,Ireland,1921-12-06 00:00:00,2024-12-31 00:00:00,,,1922-12-06 00:00:00,2024-12-31 00:00:00,,,1921-12-06 00:00:00,2023-01-01 00:00:00,1921-12-06 00:00:00,2018-12-31 00:00:00,1922-01-01 00:00:00,2023-09-01 00:00:00,
NTH,210,Netherlands,6/7/1815,1940-07-14 00:00:00,1945-06-26 00:00:00,2024-12-31 00:00:00,12/31/1815,1940-07-14 00:00:00,1945-06-26 00:00:00,2024-12-31 00:00:00,12/31/1815,2023-01-01 00:00:00,6/7/1815,2018-12-31 00:00:00,12/31/1870,2023-09-01 00:00:00,
BEL,211,Belgium,10/3/1830,1940-05-28 00:00:00,1945-06-26 00:00:00,2024-12-31 00:00:00,12/19/1830,1940-05-28 00:00:00,1945-06-26 00:00:00,2024-12-31 00:00:00,10/3/1830,2023-01-01 00:00:00,10/3/1830,2018-12-31 00:00:00,1921-01-01 00:00:00,2023-09-01 00:00:00,
LUX,212,Luxembourg,5/10/1867,1940-05-10 00:00:00,1944-09-10 00:00:00,2024-12-31 00:00:00,1920-11-15 00:00:00,1940-05-10 00:00:00,1944-09-10 00:00:00,2024-12-31 00:00:00,5/10/1867,2023-01-01 00:00:00,,,1944-09-23 00:00:00,2023-09-01 00:00:00,
FRN,220,France,12/31/1799,1942-11-11 00:00:00,1944-08-25 00:00:00,2024-12-31 00:00:00,12/31/1815,1942-11-11 00:00:00,1944-08-25 00:00:00,2024-12-31 00:00:00,12/31/1815,2023-01-01 00:00:00,12/31/1799,2018-12-31 00:00:00,12/31/1875,2023-09-01 00:00:00,
MNC,221,Monaco,1911-01-01 00:00:00,2024-12-31 00:00:00,,,1993-05-28 00:00:00,2024-12-31 00:00:00,,,,,,,1911-01-01 00:00:00,2023-09-01 00:00:00,
LIE,223,Liechtenstein,1990-09-18 00:00:00,2024-12-31 00:00:00,,,1990-09-18 00:00:00,2024-12-31 00:00:00,,,,,,,1990-09-18 00:00:00,2023-09-01 00:00:00,
SWZ,225,Switzerland,12/31/1815,2024-12-31 00:00:00,,,12/31/1815,2024-12-31 00:00:00,,,12/31/1815,2023-01-01 00:00:00,9/11/1848,2018-12-31 00:00:00,12/31/1870,2023-09-01 00:00:00,
SPN,230,Spain,12/31/1799,2024-12-31 00:00:00,,,12/31/1815,2024-12-31 00:00:00,,,12/31/1815,2023-01-01 00:00:00,12/31/1799,2018-12-31 00:00:00,1939-03-28 00:00:00,2023-09-01 00:00:00,
,231,UNITED KINGDOM (GIBRALTAR),,,,,,,,,,,,,,,
AND,232,Andorra,1993-07-28 00:00:00,2024-12-31 00:00:00,,,1993-07-28 00:00:00,2024-12-31 00:00:00,,,,,,,1993-07-28 00:00:00,2023-09-01 00:00:00,
POR,235,Portugal,12/31/1799,2024-12-31 00:00:00,,,12/31/1815,2024-12-31 00:00:00,,,12/31/1815,2023-01-01 00:00:00,12/31/1799,2018-12-31 00:00:00,1926-05-25 00:00:00,2023-09-01 00:00:00,
HAN,240,Hanover,12/31/1815,7/25/1866,,,6/19/1837,7/25/1866,,,12/31/1815,1/16/1871,,,,,
BAV,245,Bavaria,12/31/1799,1/17/1871,,,12/31/1815,1/17/1871,,,12/31/1815,1/16/1871,12/31/1799,1/17/1871,,,
GMY,255,Germany,12/31/1799,1945-05-08 00:00:00,1990-10-03 00:00:00,2024-12-31 00:00:00,12/31/1815,1945-05-08 00:00:00,1990-10-03 00:00:00,2024-12-31 00:00:00,12/31/1815,1945-05-07 00:00:00,12/31/1799,2018-12-31 00:00:00,1990-10-03 00:00:00,2023-09-01 00:00:00,
GFR,260,German Federal Republic,1949-05-23 00:00:00,1990-10-02 00:00:00,,,1955-05-05 00:00:00,1990-10-02 00:00:00,,,1949-09-21 00:00:00,2023-01-01 00:00:00,1945-05-08 00:00:00,1990-10-02 00:00:00,1949-05-23 00:00:00,1990-10-02 00:00:00,
GDR,265,German Democratic Republic,1949-10-05 00:00:00,1990-10-02 00:00:00,,,1954-03-25 00:00:00,1990-10-02 00:00:00,,,1949-10-05 00:00:00,1990-10-02 00:00:00,1945-05-08 00:00:00,1990-10-02 00:00:00,1949-10-07 00:00:00,1990-04-12 00:00:00,
BAD,267,Baden,12/31/1815,1/17/1871,,,12/31/1815,1/17/1871,,,12/31/1815,1/16/1871,7/15/1819,1/17/1871,,,
SAX,269,Saxony,12/10/1806,4/16/1867,,,12/31/1815,4/16/1867,,,12/31/1815,1/16/1871,12/10/1806,1/17/1871,,,
WRT,271,Wuerttemburg,12/31/1799,1/17/1871,,,12/31/1815,1/17/1871,,,12/31/1815,1/16/1871,12/31/1799,1/17/1871,,,
HSE,273,Hesse Electoral,12/31/1815,7/25/1866,,,12/31/1815,7/25/1866,,,12/31/1815,1/16/1871,,,,,
HSG,275,Hesse Grand Ducal,12/31/1815,4/16/1867,,,12/31/1815,4/16/1867,,,12/31/1815,1/16/1871,,,,,
MEC,280,Mecklenburg Schwerin,12/31/1815,4/16/1867,,,12/31/1842,4/16/1867,,,12/31/1815,1/16/1871,,,,,
POL,290,Poland,1918-11-03 00:00:00,1939-09-27 00:00:00,1944-12-31 00:00:00,2024-12-31 00:00:00,1918-11-03 00:00:00,1939-09-27 00:00:00,1945-06-28 00:00:00,2024-12-31 00:00:00,1918-11-11 00:00:00,2023-01-01 00:00:00,1918-11-11 00:00:00,2018-12-31 00:00:00,1944-12-31 00:00:00,2023-09-01 00:00:00,
AUH,300,Austria-Hungary,12/31/1815,1918-11-12 00:00:00,,,12/31/1815,1918-11-12 00:00:00,,,12/31/1815,1918-11-13 00:00:00,,,,,
AUS,305,Austria,1918-11-14 00:00:00,1938-03-13 00:00:00,1946-01-01 00:00:00,2024-12-31 00:00:00,1919-09-10 00:00:00,1938-03-13 00:00:00,1955-07-27 00:00:00,2024-12-31 00:00:00,1918-11-14 00:00:00,2023-01-01 00:00:00,12/31/1799,2018-12-31 00:00:00,1946-01-01 00:00:00,2023-09-01 00:00:00,
HUN,310,Hungary,1918-11-03 00:00:00,2024-12-31 00:00:00,,,1918-11-16 00:00:00,2024-12-31 00:00:00,,,1918-11-03 00:00:00,2023-01-01 00:00:00,5/28/1867,2018-12-31 00:00:00,1946-01-01 00:00:00,2023-09-01 00:00:00,
CZE,315,Czechoslovakia,1918-10-28 00:00:00,1939-03-15 00:00:00,1945-05-10 00:00:00,1992-12-31 00:00:00,1918-10-28 00:00:00,1939-03-15 00:00:00,1945-05-10 00:00:00,1992-12-31 00:00:00,1919-01-01 00:00:00,1992-12-31 00:00:00,1918-10-28 00:00:00,1992-12-31 00:00:00,1946-05-26 00:00:00,1992-12-31 00:00:00,
CZR,316,Czech Republic,1993-01-01 00:00:00,2024-12-31 00:00:00,,,1993-01-01 00:00:00,2024-12-31 00:00:00,,,1993-01-01 00:00:00,2023-01-01 00:00:00,1993-01-01 00:00:00,2018-12-31 00:00:00,1993-01-01 00:00:00,2023-09-01 00:00:00,
SLO,317,Slovakia,1993-01-01 00:00:00,2024-12-31 00:00:00,,,1993-01-01 00:00:00,2024-12-31 00:00:00,,,1993-01-01 00:00:00,2023-01-01 00:00:00,1993-01-01 00:00:00,2018-12-31 00:00:00,1993-01-01 00:00:00,2023-09-01 00:00:00,
,317,SLOVAK REPUBLIC,,,,,,,,,,,,,,,Alternative name for Slovakia
ITA,325,Italy,12/31/1815,2024-12-31 00:00:00,,,12/31/1815,2024-12-31 00:00:00,,,12/31/1815,2023-01-01 00:00:00,3/16/1861,2018-12-31 00:00:00,1946-06-02 00:00:00,2023-09-01 00:00:00,
PAP,327,Papal States,6/7/1815,11/4/1860,,,12/31/1815,11/4/1860,,,12/31/1815,9/21/1870,6/7/1815,10/1/1870,,,
,328,HOLY SEE,,,,,,,,,,,,,,,Alternative name for Vatican City
SIC,329,Two Sicilies,12/31/1815,2/12/1861,,,12/31/1815,2/12/1861,,,12/31/1815,3/15/1861,12/31/1815,10/21/1860,,,
SNM,331,San Marino,1992-03-02 00:00:00,2024-12-31 00:00:00,,,1992-03-02 00:00:00,2024-12-31 00:00:00,,,,,,,1992-03-02 00:00:00,2023-09-01 00:00:00,
MOD,332,Modena,6/7/1815,3/14/1860,,,12/31/1841,3/14/1860,,,12/31/1815,3/15/1861,6/7/1815,3/12/1860,,,
PMA,335,Parma,6/7/1815,3/14/1860,,,12/31/1850,3/14/1860,,,12/31/1815,3/15/1861,6/7/1815,3/12/1860,,,
TUS,337,Tuscany,6/7/1815,3/14/1860,,,12/31/1815,3/14/1860,,,12/31/1815,3/15/1861,6/7/1815,3/12/1860,,,
MLT,338,Malta,1964-09-21 00:00:00,2024-12-31 00:00:00,,,1964-09-21 00:00:00,2024-12-31 00:00:00,,,1964-09-21 00:00:00,2023-01-01 00:00:00,,,1992-03-02 00:00:00,2023-09-01 00:00:00,
ALB,339,Albania,1913-01-01 00:00:00,1939-04-07 00:00:00,1944-11-17 00:00:00,2024-12-31 00:00:00,1914-01-01 00:00:00,1939-04-07 00:00:00,1944-11-17 00:00:00,2024-12-31 00:00:00,1913-01-01 00:00:00,2023-01-01 00:00:00,1914-09-04 00:00:00,2018-12-31 00:00:00,1944-11-29 00:00:00,2023-09-01 00:00:00,
,339,SARDINIA,,,,,,,,,,,,,,,
MNG,341,Montenegro,12/31/1867,1915-07-01 00:00:00,2006-05-03 00:00:00,2024-12-31 00:00:00,2006-06-12 00:00:00,2024-12-31 00:00:00,,,12/31/1867,1915-07-01 00:00:00,2006-06-03 00:00:00,2018-12-31 00:00:00,2006-05-03 00:00:00,2023-09-01 00:00:00,
MAC,343,Macedonia,1991-09-08 00:00:00,2024-12-31 00:00:00,,,1993-04-08 00:00:00,2024-12-31 00:00:00,,,1991-11-20 00:00:00,2023-01-01 00:00:00,1991-09-17 00:00:00,2018-12-31 00:00:00,1991-09-08 00:00:00,2023-09-01 00:00:00,
,343,NORTH MACEDONIA,,,,,,,,,,,,,,,Alternative name for Macedonia
CRO,344,Croatia,1991-06-25 00:00:00,2024-12-31 00:00:00,,,1992-01-15 00:00:00,2024-12-31 00:00:00,,,1991-06-25 00:00:00,2023-01-01 00:00:00,1991-06-25 00:00:00,2018-12-31 00:00:00,1991-06-25 00:00:00,2023-09-01 00:00:00,
YUG,345,Yugoslavia,7/12/1878,1941-04-20 00:00:00,1944-10-20 00:00:00,2024-12-31 00:00:00,7/12/1878,1941-04-20 00:00:00,1944-10-20 00:00:00,2024-12-31 00:00:00,1918-12-01 00:00:00,2006-06-04 00:00:00,1921-01-01 00:00:00,2018-12-31 00:00:00,1945-03-07 00:00:00,2023-09-01 00:00:00,
,345,SERBIA,,,,,,,,,,,,,,,Same as Yugoslavia
,345,SERBIA AND MONTENEGRO,,,,,,,,,,,,,,,Same as Yugoslavia
BOS,346,Bosnia and Herzegovina,1992-03-01 00:00:00,2024-12-31 00:00:00,,,1992-04-07 00:00:00,2024-12-31 00:00:00,,,1992-04-27 00:00:00,2023-01-01 00:00:00,1992-04-05 00:00:00,2018-12-31 00:00:00,1992-03-01 00:00:00,2023-09-01 00:00:00,
KOS,347,Kosovo,2008-02-17 00:00:00,2024-12-31 00:00:00,,,2008-02-20 00:00:00,2024-12-31 00:00:00,,,2008-02-17 00:00:00,2023-01-01 00:00:00,2008-02-17 00:00:00,2018-12-31 00:00:00,2008-02-17 00:00:00,2023-09-01 00:00:00,
SLV,349,Slovenia,1991-06-25 00:00:00,2024-12-31 00:00:00,,,1992-01-15 00:00:00,2024-12-31 00:00:00,,,1992-04-27 00:00:00,2023-01-01 00:00:00,1991-06-25 00:00:00,2018-12-31 00:00:00,1991-06-25 00:00:00,2023-09-01 00:00:00,
GRC,350,Greece,12/31/1827,1941-04-23 00:00:00,1944-10-13 00:00:00,2024-12-31 00:00:00,12/31/1827,1941-04-23 00:00:00,1944-10-13 00:00:00,2024-12-31 00:00:00,4/24/1828,2023-01-01 00:00:00,5/16/1827,2018-12-31 00:00:00,1945-01-01 00:00:00,2023-09-01 00:00:00,
CYP,352,Cyprus,1960-08-16 00:00:00,2024-12-31 00:00:00,,,1960-08-16 00:00:00,2024-12-31 00:00:00,,,1960-08-16 00:00:00,2023-01-01 00:00:00,1960-08-16 00:00:00,2018-12-31 00:00:00,1960-08-16 00:00:00,2023-09-01 00:00:00,
BUL,355,Bulgaria,3/2/1878,2024-12-31 00:00:00,,,1908-10-05 00:00:00,2024-12-31 00:00:00,,,3/2/1878,2023-01-01 00:00:00,4/28/1879,2018-12-31 00:00:00,1944-09-09 00:00:00,2023-09-01 00:00:00,
MLD,359,Moldova,1991-08-27 00:00:00,2024-12-31 00:00:00,,,1991-12-26 00:00:00,2024-12-31 00:00:00,,,1991-08-27 00:00:00,2023-01-01 00:00:00,1991-08-27 00:00:00,2018-12-31 00:00:00,1991-08-27 00:00:00,2023-09-01 00:00:00,
ROM,360,Romania,7/12/1878,2024-12-31 00:00:00,,,7/12/1878,2024-12-31 00:00:00,,,7/12/1878,2023-01-01 00:00:00,1/23/1859,2018-12-31 00:00:00,1945-03-06 00:00:00,2023-09-01 00:00:00,
RUS,365,Russia,12/31/1799,2024-12-31 00:00:00,,,12/31/1815,2024-12-31 00:00:00,,,12/31/1815,2023-01-01 00:00:00,12/31/1799,2018-12-31 00:00:00,1917-11-07 00:00:00,2023-09-01 00:00:00,
,365,RUSSIAN FEDERATION,,,,,,,,,,,,,,,Alternative name for Russia
,365,UNION OF SOVIET SOCIALIST REPUBLICS,,,,,,,,,,,,,,,Alternative name for Soviet Union
EST,366,Estonia,1918-02-24 00:00:00,1940-06-16 00:00:00,1991-08-20 00:00:00,2024-12-31 00:00:00,1918-02-24 00:00:00,1940-06-16 00:00:00,1991-09-06 00:00:00,2024-12-31 00:00:00,1918-11-11 00:00:00,1940-06-01 00:00:00,1917-04-12 00:00:00,2018-12-31 00:00:00,1991-08-20 00:00:00,2023-09-01 00:00:00,
LAT,367,Latvia,1918-11-01 00:00:00,1940-06-16 00:00:00,1991-08-21 00:00:00,2024-12-31 00:00:00,1918-11-18 00:00:00,1940-06-16 00:00:00,1991-09-06 00:00:00,2024-12-31 00:00:00,1918-11-01 00:00:00,1940-06-01 00:00:00,1920-02-01 00:00:00,2018-12-31 00:00:00,1991-08-21 00:00:00,2023-09-01 00:00:00,
LIT,368,Lithuania,1918-02-16 00:00:00,1940-06-15 00:00:00,1991-09-06 00:00:00,2024-12-31 00:00:00,1918-02-16 00:00:00,1940-06-15 00:00:00,1991-09-06 00:00:00,2024-12-31 00:00:00,1918-02-16 00:00:00,1940-06-01 00:00:00,1918-11-11 00:00:00,2018-12-31 00:00:00,1991-09-17 00:00:00,2023-09-01 00:00:00,
UKR,369,Ukraine,1991-08-24 00:00:00,2024-12-31 00:00:00,,,1991-12-26 00:00:00,2024-12-31 00:00:00,,,1991-12-01 00:00:00,2023-01-01 00:00:00,1991-12-01 00:00:00,2018-12-31 00:00:00,1991-08-24 00:00:00,2023-09-01 00:00:00,
BLR,370,Belarus,1991-08-25 00:00:00,2024-12-31 00:00:00,,,1991-12-26 00:00:00,2024-12-31 00:00:00,,,1991-08-25 00:00:00,2023-01-01 00:00:00,1991-08-25 00:00:00,2018-12-31 00:00:00,1991-08-25 00:00:00,2023-09-01 00:00:00,
ARM,371,Armenia,1991-08-23 00:00:00,2024-12-31 00:00:00,,,1991-12-26 00:00:00,2024-12-31 00:00:00,,,1991-12-21 00:00:00,2023-01-01 00:00:00,1991-09-23 00:00:00,2018-12-31 00:00:00,1991-08-23 00:00:00,2023-09-01 00:00:00,
GRG,372,Georgia,1991-09-06 00:00:00,2024-12-31 00:00:00,,,1991-12-26 00:00:00,2024-12-31 00:00:00,,,1991-09-06 00:00:00,2023-01-01 00:00:00,1991-04-09 00:00:00,2018-12-31 00:00:00,1991-09-16 00:00:00,2023-09-01 00:00:00,
AZE,373,Azerbaijan,1991-10-18 00:00:00,2024-12-31 00:00:00,,,1991-12-26 00:00:00,2024-12-31 00:00:00,,,1991-12-21 00:00:00,2023-01-01 00:00:00,1991-08-30 00:00:00,2018-12-31 00:00:00,1991-10-18 00:00:00,2023-09-01 00:00:00,
FIN,375,Finland,1917-12-06 00:00:00,2024-12-31 00:00:00,,,1917-12-06 00:00:00,2024-12-31 00:00:00,,,1917-12-06 00:00:00,2023-01-01 00:00:00,1917-12-06 00:00:00,2018-12-31 00:00:00,1946-01-01 00:00:00,2023-09-01 00:00:00,
SWD,380,Sweden,12/31/1799,2024-12-31 00:00:00,,,12/31/1815,2024-12-31 00:00:00,,,12/31/1815,2023-01-01 00:00:00,12/31/1799,2018-12-31 00:00:00,1920-01-01 00:00:00,2023-09-01 00:00:00,
,381,SWEDEN AND NORWAY,,,,,,,,,,,,,,,
NOR,385,Norway,1905-06-07 00:00:00,1940-04-30 00:00:00,1945-05-07 00:00:00,2024-12-31 00:00:00,1905-06-07 00:00:00,1940-04-30 00:00:00,1945-05-07 00:00:00,2024-12-31 00:00:00,1905-08-26 00:00:00,2023-01-01 00:00:00,5/16/1814,2018-12-31 00:00:00,12/31/1885,2023-09-01 00:00:00,
DEN,390,Denmark,12/31/1799,1940-04-09 00:00:00,1945-05-07 00:00:00,2024-12-31 00:00:00,12/31/1815,1940-04-09 00:00:00,1945-05-07 00:00:00,2024-12-31 00:00:00,12/31/1815,2023-01-01 00:00:00,12/31/1799,2018-12-31 00:00:00,1902-01-01 00:00:00,2023-09-01 00:00:00,
ICE,395,Iceland,1944-06-17 00:00:00,2024-12-31 00:00:00,,,1944-06-17 00:00:00,2024-12-31 00:00:00,,,1944-06-17 00:00:00,2023-01-01 00:00:00,,,1946-01-01 00:00:00,2023-09-01 00:00:00,
CAP,402,Cape Verde,1975-06-08 00:00:00,2024-12-31 00:00:00,,,1975-07-05 00:00:00,2024-12-31 00:00:00,,,1975-07-05 00:00:00,2023-01-01 00:00:00,1975-07-05 00:00:00,2018-12-31 00:00:00,1975-06-08 00:00:00,2023-09-01 00:00:00,
,402,CABO VERDE,,,,,,,,,,,,,,,Alternative name for Cape Verde
STP,403,Sao Tome and Principe,1975-06-01 00:00:00,2024-12-31 00:00:00,,,1975-07-12 00:00:00,2024-12-31 00:00:00,,,,,,,1975-06-01 00:00:00,2023-09-01 00:00:00,
GNB,404,Guinea-Bissau,1974-09-10 00:00:00,2024-12-31 00:00:00,,,1974-09-10 00:00:00,2024-12-31 00:00:00,,,1974-09-10 00:00:00,2023-01-01 00:00:00,1974-09-10 00:00:00,2018-12-31 00:00:00,1974-09-10 00:00:00,2023-09-01 00:00:00,
EQG,411,Equatorial Guinea,1968-10-12 00:00:00,2024-12-31 00:00:00,,,1968-10-12 00:00:00,2024-12-31 00:00:00,,,1968-10-12 00:00:00,2023-01-01 00:00:00,1968-10-12 00:00:00,2018-12-31 00:00:00,1968-10-12 00:00:00,2023-09-01 00:00:00,
GAM,420,Gambia,1965-02-18 00:00:00,2024-12-31 00:00:00,,,1965-02-18 00:00:00,2024-12-31 00:00:00,,,1965-02-18 00:00:00,2023-01-01 00:00:00,1965-02-18 00:00:00,2018-12-31 00:00:00,1965-02-18 00:00:00,2023-09-01 00:00:00,
MLI,432,Mali,1960-06-20 00:00:00,2024-12-31 00:00:00,,,1960-06-20 00:00:00,2024-12-31 00:00:00,,,1960-09-22 00:00:00,2023-01-01 00:00:00,1960-09-22 00:00:00,2018-12-31 00:00:00,1960-09-22 00:00:00,2023-09-01 00:00:00,
SEN,433,Senegal,1960-04-04 00:00:00,2024-12-31 00:00:00,,,1960-08-20 00:00:00,2024-12-31 00:00:00,,,1960-04-04 00:00:00,2023-01-01 00:00:00,1960-04-04 00:00:00,2018-12-31 00:00:00,1960-08-20 00:00:00,2023-09-01 00:00:00,
BEN,434,Benin,1960-08-01 00:00:00,2024-12-31 00:00:00,,,1960-08-01 00:00:00,2024-12-31 00:00:00,,,1960-08-01 00:00:00,2023-01-01 00:00:00,1960-08-01 00:00:00,2018-12-31 00:00:00,1960-12-11 00:00:00,2023-09-01 00:00:00,
MAA,435,Mauritania,1960-11-28 00:00:00,2024-12-31 00:00:00,,,1960-11-28 00:00:00,2024-12-31 00:00:00,,,1960-11-28 00:00:00,2023-01-01 00:00:00,1960-11-28 00:00:00,2018-12-31 00:00:00,1960-11-28 00:00:00,2023-09-01 00:00:00,
NIR,436,Niger,1960-08-03 00:00:00,2024-12-31 00:00:00,,,1960-10-03 00:00:00,2024-12-31 00:00:00,,,1960-08-03 00:00:00,2023-01-01 00:00:00,1960-08-03 00:00:00,2018-12-31 00:00:00,1960-08-03 00:00:00,2023-09-01 00:00:00,
CDI,437,Ivory Coast,1960-08-07 00:00:00,2024-12-31 00:00:00,,,1960-08-07 00:00:00,2024-12-31 00:00:00,,,1960-08-07 00:00:00,2023-01-01 00:00:00,1960-08-07 00:00:00,2018-12-31 00:00:00,1960-08-07 00:00:00,2023-09-01 00:00:00,
,437,COTE D’IVOIRE,,,,,,,,,,,,,,,Alternative name for Ivory Coast
GUI,438,Guinea,1958-10-02 00:00:00,2024-12-31 00:00:00,,,1958-10-02 00:00:00,2024-12-31 00:00:00,,,1958-10-02 00:00:00,2023-01-01 00:00:00,1958-10-02 00:00:00,2018-12-31 00:00:00,1958-10-02 00:00:00,2023-09-01 00:00:00,
BFO,439,Burkina Faso,1960-08-05 00:00:00,2024-12-31 00:00:00,,,1960-08-05 00:00:00,2024-12-31 00:00:00,,,1960-08-05 00:00:00,2023-01-01 00:00:00,1960-08-05 00:00:00,2018-12-31 00:00:00,1960-08-05 00:00:00,2023-09-01 00:00:00,
LBR,450,Liberia,7/25/1847,2024-12-31 00:00:00,,,1920-06-30 00:00:00,2024-12-31 00:00:00,,,7/25/1847,2023-01-01 00:00:00,7/25/1847,2018-12-31 00:00:00,1944-01-01 00:00:00,2023-09-01 00:00:00,
SIE,451,Sierra Leone,1961-04-27 00:00:00,2024-12-31 00:00:00,,,1961-04-27 00:00:00,2024-12-31 00:00:00,,,1961-04-27 00:00:00,2023-01-01 00:00:00,1961-04-27 00:00:00,2018-12-31 00:00:00,1961-04-27 00:00:00,2023-09-01 00:00:00,
GHA,452,Ghana,1957-03-06 00:00:00,2024-12-31 00:00:00,,,1957-03-06 00:00:00,2024-12-31 00:00:00,,,1957-03-06 00:00:00,2023-01-01 00:00:00,1960-07-01 00:00:00,2018-12-31 00:00:00,1957-03-06 00:00:00,2023-09-01 00:00:00,
TOG,461,Togo,1960-04-27 00:00:00,2024-12-31 00:00:00,,,1960-04-27 00:00:00,2024-12-31 00:00:00,,,1960-04-27 00:00:00,2023-01-01 00:00:00,1960-04-27 00:00:00,2018-12-31 00:00:00,1960-04-27 00:00:00,2023-09-01 00:00:00,
CAO,471,Cameroon,1960-01-01 00:00:00,2024-12-31 00:00:00,,,1960-01-01 00:00:00,2024-12-31 00:00:00,,,1960-01-01 00:00:00,2023-01-01 00:00:00,1960-01-01 00:00:00,2018-12-31 00:00:00,1960-01-01 00:00:00,2023-09-01 00:00:00,
NIG,475,Nigeria,1960-10-01 00:00:00,2024-12-31 00:00:00,,,1960-10-01 00:00:00,2024-12-31 00:00:00,,,1960-10-01 00:00:00,2023-01-01 00:00:00,1960-10-01 00:00:00,2018-12-31 00:00:00,1960-10-01 00:00:00,2023-09-01 00:00:00,
GAB,481,Gabon,1960-08-17 00:00:00,2024-12-31 00:00:00,,,1960-08-17 00:00:00,2024-12-31 00:00:00,,,1960-08-17 00:00:00,2023-01-01 00:00:00,1960-08-17 00:00:00,2018-12-31 00:00:00,1960-08-17 00:00:00,2023-09-01 00:00:00,
CEN,482,Central African Republic,1960-08-13 00:00:00,2024-12-31 00:00:00,,,1960-08-13 00:00:00,2024-12-31 00:00:00,,,1960-08-13 00:00:00,2023-01-01 00:00:00,1960-08-13 00:00:00,2018-12-31 00:00:00,1960-08-31 00:00:00,2023-09-01 00:00:00,
CHA,483,Chad,1960-08-11 00:00:00,2024-12-31 00:00:00,,,1960-08-11 00:00:00,2024-12-31 00:00:00,,,1960-08-11 00:00:00,2023-01-01 00:00:00,1960-08-11 00:00:00,2018-12-31 00:00:00,1960-08-11 00:00:00,2023-09-01 00:00:00,
CON,484,Congo,1960-08-15 00:00:00,2024-12-31 00:00:00,,,1960-08-15 00:00:00,2024-12-31 00:00:00,,,1960-08-15 00:00:00,2023-01-01 00:00:00,1960-08-15 00:00:00,2018-12-31 00:00:00,1960-08-15 00:00:00,2023-09-01 00:00:00,
DRC,490,Democratic Republic of the Congo,1960-06-24 00:00:00,2024-12-31 00:00:00,,,1960-06-30 00:00:00,2024-12-31 00:00:00,,,1960-06-30 00:00:00,2023-01-01 00:00:00,1960-06-30 00:00:00,2018-12-31 00:00:00,1960-06-24 00:00:00,2023-09-01 00:00:00,
UGA,500,Uganda,1962-10-09 00:00:00,2024-12-31 00:00:00,,,1962-10-09 00:00:00,2024-12-31 00:00:00,,,1962-10-09 00:00:00,2023-01-01 00:00:00,1962-10-09 00:00:00,2018-12-31 00:00:00,1962-10-09 00:00:00,2023-09-01 00:00:00,
KEN,501,Kenya,1963-12-12 00:00:00,2024-12-31 00:00:00,,,1963-12-12 00:00:00,2024-12-31 00:00:00,,,1963-12-12 00:00:00,2023-01-01 00:00:00,1963-12-12 00:00:00,2018-12-31 00:00:00,1963-12-12 00:00:00,2023-09-01 00:00:00,
TAZ,510,Tanzania,1961-12-09 00:00:00,2024-12-31 00:00:00,,,1961-12-09 00:00:00,2024-12-31 00:00:00,,,1961-12-09 00:00:00,2023-01-01 00:00:00,1961-12-09 00:00:00,2018-12-31 00:00:00,1961-12-09 00:00:00,2023-09-01 00:00:00,
ZAN,511,Zanzibar,1963-12-19 00:00:00,1964-04-26 00:00:00,,,1963-12-19 00:00:00,1964-04-26 00:00:00,,,1963-12-19 00:00:00,1964-04-26 00:00:00,,,,,
BUI,516,Burundi,1962-07-01 00:00:00,2024-12-31 00:00:00,,,1962-07-01 00:00:00,2024-12-31 00:00:00,,,1962-07-01 00:00:00,2023-01-01 00:00:00,1962-07-01 00:00:00,2018-12-31 00:00:00,1962-07-01 00:00:00,2023-09-01 00:00:00,
RWA,517,Rwanda,1962-01-07 00:00:00,2024-12-31 00:00:00,,,1962-07-01 00:00:00,2024-12-31 00:00:00,,,1962-01-07 00:00:00,2023-01-01 00:00:00,1961-07-01 00:00:00,2018-12-31 00:00:00,1962-07-01 00:00:00,2023-09-01 00:00:00,
SOM,520,Somalia,1960-07-01 00:00:00,2024-12-31 00:00:00,,,1960-07-01 00:00:00,2024-12-31 00:00:00,,,1960-07-01 00:00:00,2023-01-01 00:00:00,1960-07-01 00:00:00,2018-12-31 00:00:00,1960-07-01 00:00:00,2023-09-01 00:00:00,
DJI,522,Djibouti,1977-05-27 00:00:00,2024-12-31 00:00:00,,,1977-06-27 00:00:00,2024-12-31 00:00:00,,,1977-06-27 00:00:00,2023-01-01 00:00:00,1977-06-27 00:00:00,2018-12-31 00:00:00,1977-05-27 00:00:00,2023-09-01 00:00:00,
ETH,530,Ethiopia,2/10/1855,1936-05-05 00:00:00,1941-05-05 00:00:00,2024-12-31 00:00:00,12/31/1897,1936-05-05 00:00:00,1941-05-05 00:00:00,2024-12-31 00:00:00,2/10/1855,2023-01-01 00:00:00,2/10/1855,2018-12-31 00:00:00,11/2/1889,2023-09-01 00:00:00,
ERI,531,Eritrea,1993-05-24 00:00:00,2024-12-31 00:00:00,,,1993-05-24 00:00:00,2024-12-31 00:00:00,,,1993-05-24 00:00:00,2023-01-01 00:00:00,1993-05-24 00:00:00,2018-12-31 00:00:00,1993-05-24 00:00:00,2023-09-01 00:00:00,
ANG,540,Angola,1975-11-11 00:00:00,2024-12-31 00:00:00,,,1975-11-11 00:00:00,2024-12-31 00:00:00,,,1975-11-11 00:00:00,2023-01-01 00:00:00,1975-11-11 00:00:00,2018-12-31 00:00:00,1975-11-11 00:00:00,2023-09-01 00:00:00,
MZM,541,Mozambique,1975-06-25 00:00:00,2024-12-31 00:00:00,,,1975-06-25 00:00:00,2024-12-31 00:00:00,,,1975-06-25 00:00:00,2023-01-01 00:00:00,1975-06-25 00:00:00,2018-12-31 00:00:00,1975-06-25 00:00:00,2023-09-01 00:00:00,
ZAM,551,Zambia,1964-10-24 00:00:00,2024-12-31 00:00:00,,,1964-10-24 00:00:00,2024-12-31 00:00:00,,,1964-10-24 00:00:00,2023-01-01 00:00:00,1964-10-24 00:00:00,2018-12-31 00:00:00,1964-10-24 00:00:00,2023-09-01 00:00:00,
ZIM,552,Zimbabwe,1965-11-11 00:00:00,2024-12-31 00:00:00,,,1965-11-11 00:00:00,2024-12-31 00:00:00,,,1965-11-11 00:00:00,2023-01-01 00:00:00,1980-04-18 00:00:00,2018-12-31 00:00:00,1980-04-18 00:00:00,2023-09-01 00:00:00,
MAW,553,Malawi,1964-07-06 00:00:00,2024-12-31 00:00:00,,,1964-07-06 00:00:00,2024-12-31 00:00:00,,,1964-07-06 00:00:00,2023-01-01 00:00:00,1964-07-06 00:00:00,2018-12-31 00:00:00,1964-07-06 00:00:00,2023-09-01 00:00:00,
SAF,560,South Africa,1910-05-31 00:00:00,2024-12-31 00:00:00,,,1920-01-10 00:00:00,2024-12-31 00:00:00,,,1910-05-31 00:00:00,2023-01-01 00:00:00,1910-05-31 00:00:00,2018-12-31 00:00:00,1910-05-31 00:00:00,2023-09-01 00:00:00,
,564,ORANGE FREE STATE,,,,,,,,,,,,,,,
NAM,565,Namibia,1990-03-21 00:00:00,2024-12-31 00:00:00,,,1990-03-21 00:00:00,2024-12-31 00:00:00,,,1990-03-21 00:00:00,2023-01-01 00:00:00,1990-03-21 00:00:00,2018-12-31 00:00:00,1990-03-21 00:00:00,2023-09-01 00:00:00,
LES,570,Lesotho,1966-10-04 00:00:00,2024-12-31 00:00:00,,,1966-10-04 00:00:00,2024-12-31 00:00:00,,,1966-10-04 00:00:00,2023-01-01 00:00:00,1966-10-04 00:00:00,2018-12-31 00:00:00,1966-10-04 00:00:00,2023-09-01 00:00:00,
BOT,571,Botswana,1966-09-30 00:00:00,2024-12-31 00:00:00,,,1966-09-30 00:00:00,2024-12-31 00:00:00,,,1966-09-30 00:00:00,2023-01-01 00:00:00,1966-09-30 00:00:00,2018-12-31 00:00:00,1966-09-30 00:00:00,2023-09-01 00:00:00,
SWA,572,Swaziland,1968-09-06 00:00:00,2024-12-31 00:00:00,,,1968-09-06 00:00:00,2024-12-31 00:00:00,,,1968-09-06 00:00:00,2023-01-01 00:00:00,1968-09-06 00:00:00,2018-12-31 00:00:00,1968-09-06 00:00:00,2023-09-01 00:00:00,
,572,ESWATINI,,,,,,,,,,,,,,,Alternative name for Swaziland
MAG,580,Madagascar,12/31/1815,8/4/1896,1960-06-26 00:00:00,2024-12-31 00:00:00,1960-06-26 00:00:00,2024-12-31 00:00:00,,,12/31/1815,8/4/1896,1960-06-26 00:00:00,2018-12-31 00:00:00,1960-06-26 00:00:00,2023-09-01 00:00:00,
COM,581,Comoros,1975-07-06 00:00:00,2024-12-31 00:00:00,,,1975-12-31 00:00:00,2024-12-31 00:00:00,,,1975-07-06 00:00:00,2023-01-01 00:00:00,1975-07-06 00:00:00,2018-12-31 00:00:00,1975-07-06 00:00:00,2023-09-01 00:00:00,
MAS,590,Mauritius,1968-03-12 00:00:00,2024-12-31 00:00:00,,,1968-03-12 00:00:00,2024-12-31 00:00:00,,,1968-03-12 00:00:00,2023-01-01 00:00:00,1968-03-12 00:00:00,2018-12-31 00:00:00,1968-03-12 00:00:00,2023-09-01 00:00:00,
SEY,591,Seychelles,1976-05-29 00:00:00,2024-12-31 00:00:00,,,1976-06-29 00:00:00,2024-12-31 00:00:00,,,,,,,1976-05-29 00:00:00,2023-09-01 00:00:00,
MOR,600,Morocco,12/31/1799,1912-03-30 00:00:00,1956-03-02 00:00:00,2024-12-31 00:00:00,12/31/1846,1912-03-30 00:00:00,1956-03-02 00:00:00,2024-12-31 00:00:00,12/31/1815,1904-01-01 00:00:00,12/31/1799,2018-12-31 00:00:00,1956-03-02 00:00:00,2023-09-01 00:00:00,
ALG,615,Algeria,12/31/1815,7/4/1830,1962-07-03 00:00:00,2024-12-31 00:00:00,1962-07-05 00:00:00,2024-12-31 00:00:00,,,12/31/1815,7/4/1830,1962-07-05 00:00:00,2018-12-31 00:00:00,1962-07-03 00:00:00,2023-09-01 00:00:00,
TUN,616,Tunisia,12/31/1815,5/11/1881,1956-03-20 00:00:00,2024-12-31 00:00:00,12/31/1824,5/11/1881,1956-03-20 00:00:00,2024-12-31 00:00:00,12/31/1815,5/11/1881,1956-03-20 00:00:00,2018-12-31 00:00:00,1956-03-20 00:00:00,2023-09-01 00:00:00,
LIB,620,Libya,12/31/1815,12/30/1834,1951-12-24 00:00:00,2024-12-31 00:00:00,1951-12-24 00:00:00,2024-12-31 00:00:00,,,12/31/1815,12/30/1834,1951-12-24 00:00:00,2018-12-31 00:00:00,1951-12-24 00:00:00,2023-09-01 00:00:00,
SUD,625,Sudan,1956-01-01 00:00:00,2024-12-31 00:00:00,,,1956-01-01 00:00:00,2024-12-31 00:00:00,,,1956-01-01 00:00:00,2023-01-01 00:00:00,1956-01-01 00:00:00,2018-12-31 00:00:00,1956-01-01 00:00:00,2023-09-01 00:00:00,
SSD,626,South Sudan,2011-07-09 00:00:00,2024-12-31 00:00:00,,,2011-07-09 00:00:00,2024-12-31 00:00:00,,,2011-07-09 00:00:00,2023-01-01 00:00:00,2011-07-09 00:00:00,2018-12-31 00:00:00,2011-07-09 00:00:00,2023-09-01 00:00:00,
IRN,630,Iran,12/31/1799,2024-12-31 00:00:00,,,12/31/1854,2024-12-31 00:00:00,,,12/31/1815,2023-01-01 00:00:00,12/31/1799,2018-12-31 00:00:00,1925-12-15 00:00:00,2023-09-01 00:00:00,
TUR,640,Turkey,12/31/1799,2024-12-31 00:00:00,,,12/31/1815,2024-12-31 00:00:00,,,12/31/1815,2023-01-01 00:00:00,12/31/1799,2018-12-31 00:00:00,1923-10-29 00:00:00,2023-09-01 00:00:00,
,640,OTTOMAN EMPIRE,,,,,,,,,,,,,,,Same as Turkey
IRQ,645,Iraq,1932-10-03 00:00:00,2024-12-31 00:00:00,,,1932-10-03 00:00:00,2024-12-31 00:00:00,,,1932-10-03 00:00:00,2023-01-01 00:00:00,1924-07-10 00:00:00,2018-12-31 00:00:00,1932-10-13 00:00:00,2023-09-01 00:00:00,
EGY,651,Egypt,12/31/1826,9/14/1882,1937-05-26 00:00:00,2024-12-31 00:00:00,12/31/1854,9/14/1882,1937-05-26 00:00:00,2024-12-31 00:00:00,12/31/1826,12/30/1855,1951-10-16 00:00:00,2018-12-31 00:00:00,1922-02-28 00:00:00,2023-09-01 00:00:00,
,651,UNITED ARAB REPUBLIC,,,,,,,,,,,,,,,Same as Egypt
SYR,652,Syria,1946-01-01 00:00:00,1958-02-01 00:00:00,1961-09-29 00:00:00,2024-12-31 00:00:00,1946-04-17 00:00:00,1958-02-01 00:00:00,1961-09-29 00:00:00,2024-12-31 00:00:00,1946-01-01 00:00:00,2023-01-01 00:00:00,1946-04-17 00:00:00,2018-12-31 00:00:00,1946-04-17 00:00:00,2023-09-01 00:00:00,
,652,SYRIAN ARAB REPUBLIC,,,,,,,,,,,,,,,Alternative name for Syria
LEB,660,Lebanon,1944-01-01 00:00:00,2024-12-31 00:00:00,,,1946-03-10 00:00:00,2024-12-31 00:00:00,,,1944-11-22 00:00:00,2023-01-01 00:00:00,1943-11-22 00:00:00,2018-12-31 00:00:00,1944-01-01 00:00:00,2023-09-01 00:00:00,
JOR,663,Jordan,1946-03-22 00:00:00,2024-12-31 00:00:00,,,1946-03-22 00:00:00,2024-12-31 00:00:00,,,1946-05-25 00:00:00,2023-01-01 00:00:00,1946-05-25 00:00:00,2018-12-31 00:00:00,1946-05-25 00:00:00,2023-09-01 00:00:00,
,665,PALESTINE AUTHORITY  ,,,,,,,,,,,,,,,Government of Palestine
,665,PALESTINE LIBERATION ORGANIZATION ,,,,,,,,,,,,,,,Government of Palestine
ISR,666,Israel,1948-05-14 00:00:00,2024-12-31 00:00:00,,,1948-05-14 00:00:00,2024-12-31 00:00:00,,,1948-05-14 00:00:00,2023-01-01 00:00:00,1948-05-14 00:00:00,2018-12-31 00:00:00,1948-05-14 00:00:00,2023-09-01 00:00:00,
SAU,670,Saudi Arabia,1927-05-20 00:00:00,2024-12-31 00:00:00,,,1927-05-20 00:00:00,2024-12-31 00:00:00,,,1932-09-23 00:00:00,2023-01-01 00:00:00,1926-01-16 00:00:00,2018-12-31 00:00:00,1927-05-20 00:00:00,2023-09-01 00:00:00,
YAR,678,Yemen Arab Republic,1918-10-30 00:00:00,1990-05-21 00:00:00,,,1926-09-02 00:00:00,1990-05-21 00:00:00,,,1918-10-30 00:00:00,2023-01-01 00:00:00,1918-10-30 00:00:00,1990-05-21 00:00:00,1918-10-30 00:00:00,2023-09-01 00:00:00,
YEM,679,Yemen,1990-05-22 00:00:00,2024-12-31 00:00:00,,,1990-05-22 00:00:00,2024-12-31 00:00:00,,,,,1990-05-22 00:00:00,2018-12-31 00:00:00,1990-05-22 00:00:00,2015-01-22 00:00:00,
YPR,680,Yemen People's Republic,1967-11-30 00:00:00,1990-05-21 00:00:00,,,1967-11-30 00:00:00,1990-05-21 00:00:00,,,1967-11-30 00:00:00,1990-05-21 00:00:00,1967-11-30 00:00:00,1990-05-21 00:00:00,1967-11-30 00:00:00,1990-05-22 00:00:00,
KUW,690,Kuwait,1961-06-19 00:00:00,2024-12-31 00:00:00,,,1961-06-19 00:00:00,2024-12-31 00:00:00,,,1961-06-19 00:00:00,2023-01-01 00:00:00,1963-01-29 00:00:00,2018-12-31 00:00:00,1961-06-19 00:00:00,2023-09-01 00:00:00,
BAH,692,Bahrain,12/31/1782,2024-12-31 00:00:00,,,1971-08-15 00:00:00,2024-12-31 00:00:00,,,1971-08-15 00:00:00,2023-01-01 00:00:00,1971-08-15 00:00:00,2018-12-31 00:00:00,12/31/1782,2023-09-01 00:00:00,
QAT,694,Qatar,9/5/1868,2024-12-31 00:00:00,,,1971-09-03 00:00:00,2024-12-31 00:00:00,,,1971-09-03 00:00:00,2023-01-01 00:00:00,1971-09-03 00:00:00,2018-12-31 00:00:00,9/5/1868,2023-09-01 00:00:00,
UAE,696,United Arab Emirates,1971-12-02 00:00:00,2024-12-31 00:00:00,,,1971-12-02 00:00:00,2024-12-31 00:00:00,,,1971-12-02 00:00:00,2023-01-01 00:00:00,1971-12-02 00:00:00,2018-12-31 00:00:00,1971-12-02 00:00:00,2023-09-01 00:00:00,
OMA,698,Oman,12/30/1741,2024-12-31 00:00:00,,,1971-10-07 00:00:00,2024-12-31 00:00:00,,,12/31/1815,2023-01-01 00:00:00,12/31/1799,2018-12-31 00:00:00,12/30/1741,2023-09-01 00:00:00,
AFG,700,Afghanistan,12/31/1799,12/29/1888,1919-08-08 00:00:00,2024-12-31 00:00:00,1919-08-08 00:00:00,2024-12-31 00:00:00,,,12/31/1815,12/29/1888,12/31/1799,2018-12-31 00:00:00,1929-10-10 00:00:00,2023-09-01 00:00:00,
TKM,701,Turkmenistan,1991-10-27 00:00:00,2024-12-31 00:00:00,,,1991-12-26 00:00:00,2024-12-31 00:00:00,,,1991-10-27 00:00:00,2023-01-01 00:00:00,1991-10-27 00:00:00,2018-12-31 00:00:00,1991-10-27 00:00:00,2023-09-01 00:00:00,
TAJ,702,Tajikistan,1991-09-09 00:00:00,2024-12-31 00:00:00,,,1991-12-26 00:00:00,2024-12-31 00:00:00,,,1991-09-09 00:00:00,2023-01-01 00:00:00,1991-09-09 00:00:00,2018-12-31 00:00:00,1991-09-09 00:00:00,2023-09-01 00:00:00,
KYR,703,Kyrgyzstan,1991-08-31 00:00:00,2024-12-31 00:00:00,,,1991-12-26 00:00:00,2024-12-31 00:00:00,,,1991-08-31 00:00:00,2023-01-01 00:00:00,1991-08-31 00:00:00,2018-12-31 00:00:00,1991-08-31 00:00:00,2023-09-01 00:00:00,
,703,KYRGYZ REPUBLIC,,,,,,,,,,,,,,,Alternative name for Kyrgyzstan
UZB,704,Uzbekistan,1991-08-31 00:00:00,2024-12-31 00:00:00,,,1991-12-26 00:00:00,2024-12-31 00:00:00,,,1991-08-31 00:00:00,2023-01-01 00:00:00,1991-08-31 00:00:00,2018-12-31 00:00:00,1991-08-31 00:00:00,2023-09-01 00:00:00,
KZK,705,Kazakhstan,1991-12-16 00:00:00,2024-12-31 00:00:00,,,1991-12-26 00:00:00,2024-12-31 00:00:00,,,1991-12-16 00:00:00,2023-01-01 00:00:00,1991-12-16 00:00:00,2018-12-31 00:00:00,1991-12-16 00:00:00,2023-09-01 00:00:00,
CHN,710,China,12/31/1799,2024-12-31 00:00:00,,,10/24/1860,2024-12-31 00:00:00,,,12/31/1815,2023-01-01 00:00:00,12/31/1799,2018-12-31 00:00:00,1946-01-01 00:00:00,2023-09-01 00:00:00,
MON,712,Mongolia,1921-03-13 00:00:00,2024-12-31 00:00:00,,,1921-03-13 00:00:00,2024-12-31 00:00:00,,,1921-03-13 00:00:00,2023-01-01 00:00:00,1924-10-26 00:00:00,2018-12-31 00:00:00,1921-09-14 00:00:00,2023-09-01 00:00:00,
TAW,713,Taiwan,1949-12-07 00:00:00,2024-12-31 00:00:00,,,1949-12-08 00:00:00,2024-12-31 00:00:00,,,1949-12-08 00:00:00,2023-01-01 00:00:00,1949-10-01 00:00:00,2018-12-31 00:00:00,1949-12-07 00:00:00,2023-09-01 00:00:00,
,720,CHINA (HONG KONG),,,,,,,,,,,,,,,
,721,CHINA (MACAO),,,,,,,,,,,,,,,
KOR,730,Korea,12/31/1799,1905-11-17 00:00:00,,,12/31/1886,1905-11-17 00:00:00,,,12/31/1815,1910-08-22 00:00:00,12/31/1799,1910-08-22 00:00:00,,,
PRK,731,North Korea,1948-09-09 00:00:00,2024-12-31 00:00:00,,,1948-09-09 00:00:00,2024-12-31 00:00:00,,,1948-09-09 00:00:00,2023-01-01 00:00:00,1948-05-01 00:00:00,2018-12-31 00:00:00,1948-09-09 00:00:00,2023-09-01 00:00:00,
ROK,732,South Korea,1948-08-13 00:00:00,2024-12-31 00:00:00,,,1949-06-29 00:00:00,2024-12-31 00:00:00,,,1948-08-15 00:00:00,2023-01-01 00:00:00,1948-08-15 00:00:00,2018-12-31 00:00:00,1948-08-13 00:00:00,2023-09-01 00:00:00,
JPN,740,Japan,12/31/1799,1945-08-14 00:00:00,1946-11-03 00:00:00,2024-12-31 00:00:00,12/31/1859,1945-08-14 00:00:00,1952-04-28 00:00:00,2024-12-31 00:00:00,12/31/1815,2023-01-01 00:00:00,12/31/1799,2018-12-31 00:00:00,1946-11-03 00:00:00,2023-09-01 00:00:00,
IND,750,India,1947-08-15 00:00:00,2024-12-31 00:00:00,,,1947-08-15 00:00:00,2024-12-31 00:00:00,,,1947-08-15 00:00:00,2023-01-01 00:00:00,1947-08-15 00:00:00,2018-12-31 00:00:00,1947-08-15 00:00:00,2023-09-01 00:00:00,
BHU,760,Bhutan,1907-12-17 00:00:00,2024-12-31 00:00:00,,,1971-09-21 00:00:00,2024-12-31 00:00:00,,,1949-01-01 00:00:00,2023-01-01 00:00:00,1907-12-17 00:00:00,2018-12-31 00:00:00,1907-12-17 00:00:00,2023-09-01 00:00:00,
PAK,770,Pakistan,1947-08-14 00:00:00,2024-12-31 00:00:00,,,1947-08-14 00:00:00,2024-12-31 00:00:00,,,1947-08-14 00:00:00,2023-01-01 00:00:00,1947-08-14 00:00:00,2018-12-31 00:00:00,1947-08-14 00:00:00,2023-09-01 00:00:00,
BNG,771,Bangladesh,1971-12-16 00:00:00,2024-12-31 00:00:00,,,1971-12-16 00:00:00,2024-12-31 00:00:00,,,1971-12-16 00:00:00,2023-01-01 00:00:00,1972-04-18 00:00:00,2018-12-31 00:00:00,1971-12-16 00:00:00,2023-09-01 00:00:00,
MYA,775,Myanmar,12/31/1815,12/30/1885,1948-01-04 00:00:00,2024-12-31 00:00:00,1948-01-04 00:00:00,2024-12-31 00:00:00,,,12/31/1815,12/30/1885,1948-01-04 00:00:00,2018-12-31 00:00:00,1948-01-04 00:00:00,2023-09-01 00:00:00,
SRI,780,Sri Lanka,1948-02-04 00:00:00,2024-12-31 00:00:00,,,1948-02-04 00:00:00,2024-12-31 00:00:00,,,1948-02-04 00:00:00,2023-01-01 00:00:00,1948-02-04 00:00:00,2018-12-31 00:00:00,1948-02-04 00:00:00,2023-09-01 00:00:00,
MAD,781,Maldives,1965-05-26 00:00:00,2024-12-31 00:00:00,,,1965-07-26 00:00:00,2024-12-31 00:00:00,,,1965-05-26 00:00:00,2023-01-01 00:00:00,,,1965-07-26 00:00:00,2023-09-01 00:00:00,
NEP,790,Nepal,12/31/1799,2024-12-31 00:00:00,,,1920-01-01 00:00:00,2024-12-31 00:00:00,,,12/31/1815,2023-01-01 00:00:00,12/31/1799,2018-12-31 00:00:00,9/14/1846,2023-09-01 00:00:00,
THI,800,Thailand,12/31/1799,2024-12-31 00:00:00,,,12/31/1886,2024-12-31 00:00:00,,,12/31/1815,2023-01-01 00:00:00,12/31/1799,2018-12-31 00:00:00,1944-07-26 00:00:00,2023-09-01 00:00:00,
CAM,811,Cambodia,1953-11-09 00:00:00,2024-12-31 00:00:00,,,1953-11-09 00:00:00,2024-12-31 00:00:00,,,1953-11-09 00:00:00,2023-01-01 00:00:00,1953-11-09 00:00:00,2018-12-31 00:00:00,1953-11-09 00:00:00,2023-09-01 00:00:00,
LAO,812,Laos,1953-10-22 00:00:00,2024-12-31 00:00:00,,,1953-10-23 00:00:00,2024-12-31 00:00:00,,,1954-05-01 00:00:00,2023-01-01 00:00:00,1953-10-22 00:00:00,2018-12-31 00:00:00,1953-10-22 00:00:00,2023-09-01 00:00:00,
DRV,816,Vietnam,1954-05-01 00:00:00,2024-12-31 00:00:00,,,1954-07-21 00:00:00,2024-12-31 00:00:00,,,1954-05-01 00:00:00,2023-01-01 00:00:00,1954-05-07 00:00:00,2018-12-31 00:00:00,1954-07-21 00:00:00,2023-09-01 00:00:00,
,816,SOCIALIST REPUBLIC OF VIETNAM,,,,,,,,,,,,,,,Same as Vietnam
RVN,817,Republic of Vietnam,1954-05-01 00:00:00,1975-04-30 00:00:00,,,1954-06-04 00:00:00,1975-04-30 00:00:00,,,1954-05-01 00:00:00,1975-04-30 00:00:00,1955-10-26 00:00:00,1975-12-31 00:00:00,1954-07-21 00:00:00,1975-04-30 00:00:00,
MAL,820,Malaysia,1957-08-31 00:00:00,2024-12-31 00:00:00,,,1957-08-31 00:00:00,2024-12-31 00:00:00,,,1957-08-31 00:00:00,2023-01-01 00:00:00,1957-08-31 00:00:00,2018-12-31 00:00:00,1957-08-31 00:00:00,2023-09-01 00:00:00,
SIN,830,Singapore,1965-08-09 00:00:00,2024-12-31 00:00:00,,,1965-08-09 00:00:00,2024-12-31 00:00:00,,,1965-08-09 00:00:00,2023-01-01 00:00:00,1965-08-09 00:00:00,2018-12-31 00:00:00,1965-08-09 00:00:00,2023-09-01 00:00:00,
BRU,835,Brunei,1959-09-29 00:00:00,2024-12-31 00:00:00,,,1984-01-01 00:00:00,2024-12-31 00:00:00,,,1984-01-01 00:00:00,2023-01-01 00:00:00,,,1959-09-29 00:00:00,2023-09-01 00:00:00,
PHI,840,Philippines,1946-07-04 00:00:00,2024-12-31 00:00:00,,,1946-07-04 00:00:00,2024-12-31 00:00:00,,,1946-07-04 00:00:00,2023-01-01 00:00:00,1935-11-24 00:00:00,2018-12-31 00:00:00,1946-07-04 00:00:00,2023-09-01 00:00:00,
INS,850,Indonesia,1949-12-27 00:00:00,2024-12-31 00:00:00,,,1949-12-27 00:00:00,2024-12-31 00:00:00,,,1945-08-17 00:00:00,2023-01-01 00:00:00,1945-08-17 00:00:00,2018-12-31 00:00:00,1949-12-27 00:00:00,2023-09-01 00:00:00,
ETM,860,East Timor,2002-05-20 00:00:00,2024-12-31 00:00:00,,,2002-09-27 00:00:00,2024-12-31 00:00:00,,,2002-05-20 00:00:00,2023-01-01 00:00:00,2002-05-20 00:00:00,2018-12-31 00:00:00,2002-05-20 00:00:00,2023-09-01 00:00:00,
,860,TIMOR-LESTE,,,,,,,,,,,,,,,Alternative name for East Timor
AUL,900,Australia,1901-01-01 00:00:00,2024-12-31 00:00:00,,,1920-01-10 00:00:00,2024-12-31 00:00:00,,,1901-01-01 00:00:00,2023-01-01 00:00:00,1901-01-01 00:00:00,2018-12-31 00:00:00,1902-01-01 00:00:00,2023-09-01 00:00:00,
PNG,910,Papua New Guinea,1975-08-16 00:00:00,2024-12-31 00:00:00,,,1975-09-16 00:00:00,2024-12-31 00:00:00,,,1975-09-16 00:00:00,2023-01-01 00:00:00,1975-09-16 00:00:00,2018-12-31 00:00:00,1975-08-16 00:00:00,2023-09-01 00:00:00,
NEW,920,New Zealand,1907-09-01 00:00:00,2024-12-31 00:00:00,,,1920-01-10 00:00:00,2024-12-31 00:00:00,,,1907-09-01 00:00:00,2023-01-01 00:00:00,6/30/1857,2018-12-31 00:00:00,1908-01-01 00:00:00,2023-09-01 00:00:00,
,921,NIUE,,,,,,,,,,,,,,,
,925,COOK ISLANDS,,,,,,,,,,,,,,,
,930,FRANCE (NEW CALEDONIA),,,,,,,,,,,,,,,
VAN,935,Vanuatu,1980-07-30 00:00:00,2024-12-31 00:00:00,,,1981-09-15 00:00:00,2024-12-31 00:00:00,,,,,,,1980-07-30 00:00:00,2023-09-01 00:00:00,
SOL,940,Solomon Islands,1978-06-07 00:00:00,2024-12-31 00:00:00,,,1978-07-07 00:00:00,2024-12-31 00:00:00,,,1978-07-07 00:00:00,2023-01-01 00:00:00,1978-07-07 00:00:00,2018-12-31 00:00:00,1978-06-07 00:00:00,2023-09-01 00:00:00,
KIR,946,Kiribati,1979-07-12 00:00:00,2024-12-31 00:00:00,,,1999-09-14 00:00:00,2024-12-31 00:00:00,,,,,,,1979-07-12 00:00:00,2023-09-01 00:00:00,
TUV,947,Tuvalu,1978-09-01 00:00:00,2024-12-31 00:00:00,,,2000-09-05 00:00:00,2024-12-31 00:00:00,,,,,,,1978-09-01 00:00:00,2023-09-01 00:00:00,
FIJ,950,Fiji,1970-10-10 00:00:00,2024-12-31 00:00:00,,,1970-10-10 00:00:00,2024-12-31 00:00:00,,,1970-10-10 00:00:00,2023-01-01 00:00:00,1970-10-10 00:00:00,2018-12-31 00:00:00,1970-10-10 00:00:00,2023-09-01 00:00:00,
TON,955,Tonga,11/3/1875,2024-12-31 00:00:00,,,1999-09-14 00:00:00,2024-12-31 00:00:00,,,,,,,11/3/1875,2023-09-01 00:00:00,
,960,FRANCE (FRENCH POLYNESIA),,,,,,,,,,,,,,,
,960,FRANCE (SOCIETY ISLANDS),,,,,,,,,,,,,,,Part of French Polynesia
NAU,970,Nauru,1968-01-31 00:00:00,2024-12-31 00:00:00,,,1999-09-14 00:00:00,2024-12-31 00:00:00,,,,,,,1968-01-31 00:00:00,2023-09-01 00:00:00,
MSI,983,Marshall Islands,1986-10-21 00:00:00,2024-12-31 00:00:00,,,1991-09-17 00:00:00,2024-12-31 00:00:00,,,,,,,1986-10-21 00:00:00,2023-09-01 00:00:00,
PAL,986,Palau,1994-10-01 00:00:00,2024-12-31 00:00:00,,,1994-12-15 00:00:00,2024-12-31 00:00:00,,,,,,,1994-10-01 00:00:00,2023-09-01 00:00:00,
FSM,987,Federated States of Micronesia,1979-05-11 00:00:00,2024-12-31 00:00:00,,,1991-09-17 00:00:00,2024-12-31 00:00:00,,,,,,,1979-05-11 00:00:00,2023-09-01 00:00:00,
WSM,990,Samoa,1962-01-01 00:00:00,2024-12-31 00:00:00,,,1976-12-15 00:00:00,2024-12-31 00:00:00,,,,,,,1962-01-01 00:00:00,2023-09-01 00:00:00,
,1000,AFRICAN DEVELOPMENT BANK ,,,,,,,,,,,,,,,
,1001,AFRICAN UNION,,,,,,,,,,,,,,,
,1002,ANDEAN COMMUNITY,,,,,,,,,,,,,,,
,1003,ASIAN DEVELOPMENT BANK ,,,,,,,,,,,,,,,
,1004,ASSOCIATION OF SOUTHEAST ASIAN NATIONS (ASEAN),,,,,,,,,,,,,,,
,1005,CARIBBEAN COMMUNITY,,,,,,,,,,,,,,,
,1006,CENTRAL AMERICAN CORPORATION FOR AIR NAVIGATION SERVICES (COCESNA),,,,,,,,,,,,,,,
,1007,COMMISSION OF THE CARTAGENA AGREEMENT (ANDEAN GROUP),,,,,,,,,,,,,,,
,1008,COUNCIL OF EUROPE DEVELOPMENT BANK,,,,,,,,,,,,,,,
,1009,EAST AFRICAN COMMUNITY,,,,,,,,,,,,,,,
,1010,ECONOMIC COMMUNITY OF CENTRAL AFRICAN STATES,,,,,,,,,,,,,,,
,1011,ECONOMIC COMMUNITY OF WEST AFRICAN STATES (ECOWAS),,,,,,,,,,,,,,,
,1012,EUROPEAN ATOMIC ENERGY COMMUNITY (EURATOM) ,,,,,,,,,,,,,,,
,1013,EUROPEAN ORGANIZATION FOR THE EXPLOITATION OF METEOROLOGICAL SATELLITES (EUMETSAT) ,,,,,,,,,,,,,,,
,1014,EUROPEAN ORGANIZATION FOR NUCLEAR RESEARCH (CERN) ,,,,,,,,,,,,,,,
,1015,EUROPEAN POLICE OFFICE,,,,,,,,,,,,,,,
,1016,EUROPEAN SOUTHERN OBSERVATORY,,,,,,,,,,,,,,,
,1017,EUROPEAN SPACE AGENCY ,,,,,,,,,,,,,,,
,1018,EUROPEAN UNION,,,,,,,,,,,,,,,
,1019,EUROPEAN UNION’S JUDICIAL COOPERATION UNIT (EUROJUST),,,,,,,,,,,,,,,
,1020,FOOD AND AGRICULTURE ORGANIZATION,,,,,,,,,,,,,,,
,1021,HAGUE CONFERENCE ON PRIVATE INTERNATIONAL LAW ,,,,,,,,,,,,,,,
,1022,INTER–AMERICAN DEVELOPMENT BANK,,,,,,,,,,,,,,,
,1023,INTER–AMERICAN INSTITUTE FOR COOPERATION ON AGRICULTURE ,,,,,,,,,,,,,,,
,1024,INTERNATIONAL ATOMIC ENERGY AGENCY,,,,,,,,,,,,,,,
,1025,INTERNATIONAL CENTRE FOR THE STUDY OF THE PRESERVATION AND RESTORATION OF CULTURAL PROPERTY (ICCROM),,,,,,,,,,,,,,,
,1026,INTERNATIONAL CIVIL AVIATION ORGANIZATION,,,,,,,,,,,,,,,
,1027,INTERNATIONAL COTTON ADVISORY COMMITTEE ,,,,,,,,,,,,,,,
,1028,INTERNATIONAL HYDROGRAPHIC BUREAU ,,,,,,,,,,,,,,,
,1029,INTERNATIONAL INSTITUTE FOR THE UNIFICATION OF PRIVATE LAW,,,,,,,,,,,,,,,
,1030,INTERNATIONAL LABOR ORGANIZATION,,,,,,,,,,,,,,,
,1031,INTERNATIONAL MARITIME ORGANIZATION,,,,,,,,,,,,,,,
,1032,INTERNATIONAL MONETARY FUND ,,,,,,,,,,,,,,,
,1033,INTERNATIONAL NATURAL RUBBER ORGANIZATION,,,,,,,,,,,,,,,
,1034,INTERNATIONAL ORGANIZATION OF LEGAL METROLOGY ,,,,,,,,,,,,,,,
,1035,INTERNATIONAL ORGANIZATION FOR MIGRATION ,,,,,,,,,,,,,,,
,1036,INTERNATIONAL RENEWABLE ENERGY AGENCY,,,,,,,,,,,,,,,
,1037,INTERNATIONAL TELECOMMUNICATION UNION,,,,,,,,,,,,,,,
,1038,INTERNATIONAL TELECOMMUNICATIONS SATELLITE ORGANIZATION,,,,,,,,,,,,,,,
,1039,INTERNATIONAL THERMONUCLEAR EXPERIMENTAL REACTOR (ITER) INTERNATIONAL FUSION ENERGY ORGANIZATION ,,,,,,,,,,,,,,,
,1040,INTERNATIONAL TRIBUNAL FOR THE PROSECUTION OF PERSONS RESPONSIBLE FOR GENOCIDE AND OTHER SERIOUS VIOLATIONS OF INTERNATIONAL HUMANITARIAN LAW COMMITTED IN THE TERRITORY OF RWANDA ,,,,,,,,,,,,,,,
,1041,INTERNATIONAL TRIBUNAL FOR THE PROSECUTION OF PERSONS RESPONSIBLE FOR SERIOUS VIOLATIONS OF INTERNATIONAL HUMANITARIAN LAW IN THE TERRITORY OF THE FORMER YUGOSLAVIA ,,,,,,,,,,,,,,,
,1042,INTERNATIONAL TROPICAL TIMBER ORGANIZATION,,,,,,,,,,,,,,,
,1043,MULTINATIONAL FORCE AND OBSERVERS,,,,,,,,,,,,,,,
,1045,NORTH ATLANTIC TREATY ORGANIZATION (NATO),,,,,,,,,,,,,,,
,1046,NATO AEW&C PROGRAMME MANAGEMENT ORGANIZATION (NAPMO),,,,,,,,,,,,,,,
,1047,NATO COMMUNICATIONS AND INFORMATION ORGANIZATION ,,,,,,,,,,,,,,,
,1048,"NATO CONSULTATION, COMMAND AND CONTROL ORGANIZATION (NC3O)",,,,,,,,,,,,,,,
,1049,NATO MAINTENANCE AND SUPPORT ORGANIZATION ,,,,,,,,,,,,,,,
,1050,NATO MAINTENANCE AND SUPPLY ORGANIZATION (NAMSO) ,,,,,,,,,,,,,,,
,1051,ORGANIZATION FOR ECONOMIC COOPERATION AND DEVELOPMENT (OECD),,,,,,,,,,,,,,,
,1052,ORGANIZATION FOR THE PROHIBITION OF CHEMICAL WEAPONS ,,,,,,,,,,,,,,,
,1053,ORGANIZATION OF AMERICAN STATES,,,,,,,,,,,,,,,
,1054,PERMANENT COURT OF ARBITRATION ,,,,,,,,,,,,,,,
,1055,PREPARATORY COMMISSION FOR THE COMPREHENSIVE NUCLEAR- TEST-BAN TREATY ORGANIZATION ,,,,,,,,,,,,,,,
,1056,REGIONAL SECURITY SYSTEM,,,,,,,,,,,,,,,
,1057,SOUTH PACIFIC COMMISSION ,,,,,,,,,,,,,,,
,1058,SOUTHEAST EUROPEAN LAW ENFORCEMENT CENTER ,,,,,,,,,,,,,,,
,1059,SUPREME ALLIED COMMANDER TRANSFORMATION (SACT) ,,,,,,,,,,,,,,,
,1060,SUPREME HEADQUARTERS ALLIED POWERS EUROPE (SHAPE),,,,,,,,,,,,,,,
,1066,UNITED NATIONS,,,,,,,,,,,,,,,
,1067,"UNITED NATIONS EDUCATIONAL, SCIENTIFIC AND CULTURAL ORGANIZATION ",,,,,,,,,,,,,,,
,1068,UNITED NATIONS ENVIRONMENT PROGRAMME ,,,,,,,,,,,,,,,
,1069,UNITED NATIONS HIGH COMMISSIONER FOR REFUGEES ,,,,,,,,,,,,,,,
,1070,UNITED NATIONS INTERIM ADMINISTRATION MISSION IN KOSOVO ,,,,,,,,,,,,,,,
,1071,UNIVERSAL POSTAL UNION ,,,,,,,,,,,,,,,
,1072,WORLD CUSTOMS ORGANIZATION ,,,,,,,,,,,,,,,
,1073,WORLD FOOD PROGRAM,,,,,,,,,,,,,,,
,1074,WORLD INTELLECTUAL PROPERTY ORGANIZATION ,,,,,,,,,,,,,,,
,1075,WORLD METEOROLOGICAL ORGANIZATION ,,,,,,,,,,,,,,,
,1076,WORLD TRADE ORGANIZATION,,,,,,,,,,,,,,,
,1079,Belgo-Luxembourg Economic Union,,,,,,,,,,,,,,,
,1080,INTERNATIONAL BANK FOR RECONSTRUCTION AND DEVELOPMENT,,,,,,,,,,,,,,,
,1081,Pacific Islands Forum Fisheries Agency,,,,,,,,,,,,,,,